<model>
<id>xPressWebSite</id>
<namespace>http://www.xPressWebSite.swb#</namespace>
<title>xPressWebSite</title>
<description>null</description>
<model>
<type>http://www.semanticwebbuilder.org/swb4/ontology#UserRepository</type>
<id>xPressWebSite_usr</id>
<namespace>http://user.xPressWebSite.swb#</namespace>
<title>null</title>
<description>null</description>
</model>
<model>
<type>http://www.semanticwebbuilder.org/swb4/repository#Workspace</type>
<id>xPressWebSite_rep</id>
<namespace>http://repository.xPressWebSite.swb#</namespace>
<title>null</title>
<description>null</description>
</model>
</model>