<model>
<id>basico</id>
<namespace>http://www.basico.swb#</namespace>
<title>Basic</title>
<description>Ejemplo de un sitio</description>
<model>
<type>http://www.semanticwebbuilder.org/swb4/repository#Workspace</type>
<id>basico_rep</id>
<namespace>http://repository.basico.swb#</namespace>
<title>Repositorio de documentos(basico)</title>
<description>null</description>
</model>
<model>
<type>http://www.semanticwebbuilder.org/swb4/ontology#UserRepository</type>
<id>basico_usr</id>
<namespace>http://user.basico.swb#</namespace>
<title>Repositorio de usuarios(basico)</title>
<description>null</description>
</model>
</model>