<model>
<id>Sct</id>
<namespace>http://www.Sct.swb#</namespace>
<title>Sct</title>
<description>null</description>
<model>
<type>http://www.semanticwebbuilder.org/swb4/ontology#UserRepository</type>
<id>Sct_usr</id>
<namespace>http://user.Sct.swb#</namespace>
<title>null</title>
<description>null</description>
</model>
<model>
<type>http://www.semanticwebbuilder.org/swb4/repository#Workspace</type>
<id>Sct_rep</id>
<namespace>http://repository.Sct.swb#</namespace>
<title>null</title>
<description>null</description>
</model>
</model>